type,value,comment
ip,104.149.168.213,Cobalt Strike C2 server linked to Ryuk activity
ip,104.149.168.222,Cobalt Strike C2 server linked to Ryuk activity
ip,104.149.170.166,Cobalt Strike C2 server linked to Ryuk activity
ip,104.156.227.250,Cobalt Strike C2 server linked to Ryuk activity
ip,104.156.245.0,Cobalt Strike C2 server linked to Ryuk activity
ip,104.156.250.132,Cobalt Strike C2 server linked to Ryuk activity
ip,104.217.8.103,Cobalt Strike C2 server linked to Ryuk activity
ip,104.238.190.126,Cobalt Strike C2 server linked to Ryuk activity
ip,107.173.58.175,Cobalt Strike C2 server linked to Ryuk activity
ip,107.173.58.176,Cobalt Strike C2 server linked to Ryuk activity
ip,107.173.58.179,Cobalt Strike C2 server linked to Ryuk activity
ip,107.173.58.180,Cobalt Strike C2 server linked to Ryuk activity
ip,107.173.58.182,Cobalt Strike C2 server linked to Ryuk activity
ip,107.173.58.183,Cobalt Strike C2 server linked to Ryuk activity
ip,107.173.58.184,Cobalt Strike C2 server linked to Ryuk activity
ip,107.173.58.185,Cobalt Strike C2 server linked to Ryuk activity
ip,108.177.235.53,Cobalt Strike C2 server linked to Ryuk activity
ip,108.177.235.53,Cobalt Strike C2 server linked to Ryuk activity
ip,108.61.176.237,Cobalt Strike C2 server linked to Ryuk activity
ip,108.61.209.121,Cobalt Strike C2 server linked to Ryuk activity
ip,108.61.209.123,Cobalt Strike C2 server linked to Ryuk activity
ip,108.61.242.184,Cobalt Strike C2 server linked to Ryuk activity
ip,108.61.72.29,Cobalt Strike C2 server linked to Ryuk activity
ip,108.61.90.90,Cobalt Strike C2 server linked to Ryuk activity
ip,108.62.12.105,Cobalt Strike C2 server linked to Ryuk activity
ip,108.62.12.114,Cobalt Strike C2 server linked to Ryuk activity
ip,108.62.12.114,Cobalt Strike C2 server linked to Ryuk activity
ip,108.62.12.116,Cobalt Strike C2 server linked to Ryuk activity
ip,108.62.12.116,Cobalt Strike C2 server linked to Ryuk activity
ip,108.62.12.119,Cobalt Strike C2 server linked to Ryuk activity
ip,108.62.12.12,Cobalt Strike C2 server linked to Ryuk activity
ip,108.62.12.121,Cobalt Strike C2 server linked to Ryuk activity
ip,109.70.236.134,Cobalt Strike C2 server linked to Ryuk activity
ip,134.122.114.248,Cobalt Strike C2 server linked to Ryuk activity
ip,134.122.116.114,Cobalt Strike C2 server linked to Ryuk activity
ip,134.122.116.59,Cobalt Strike C2 server linked to Ryuk activity
ip,134.122.118.46,Cobalt Strike C2 server linked to Ryuk activity
ip,134.122.124.26,Cobalt Strike C2 server linked to Ryuk activity
ip,134.122.20.117,Cobalt Strike C2 server linked to Ryuk activity
ip,140.82.10.222,Cobalt Strike C2 server linked to Ryuk activity
ip,140.82.27.146,Cobalt Strike C2 server linked to Ryuk activity
ip,140.82.5.67,Cobalt Strike C2 server linked to Ryuk activity
ip,140.82.60.155,Cobalt Strike C2 server linked to Ryuk activity
ip,142.93.122.23,Cobalt Strike C2 server linked to Ryuk activity
ip,144.202.12.197,Cobalt Strike C2 server linked to Ryuk activity
ip,144.202.83.4,Cobalt Strike C2 server linked to Ryuk activity
ip,149.248.5.240,Cobalt Strike C2 server linked to Ryuk activity
ip,149.248.56.113,Cobalt Strike C2 server linked to Ryuk activity
ip,149.248.58.11,Cobalt Strike C2 server linked to Ryuk activity
ip,149.28.122.130,Cobalt Strike C2 server linked to Ryuk activity
ip,149.28.15.247,Cobalt Strike C2 server linked to Ryuk activity
ip,149.28.215.46,Cobalt Strike C2 server linked to Ryuk activity
ip,149.28.246.25,Cobalt Strike C2 server linked to Ryuk activity
ip,149.28.35.35,Cobalt Strike C2 server linked to Ryuk activity
ip,149.28.50.31,Cobalt Strike C2 server linked to Ryuk activity
ip,149.28.55.197,Cobalt Strike C2 server linked to Ryuk activity
ip,155.138.135.182,Cobalt Strike C2 server linked to Ryuk activity
ip,155.138.136.182,Cobalt Strike C2 server linked to Ryuk activity
ip,155.138.214.247,Cobalt Strike C2 server linked to Ryuk activity
ip,155.138.216.133,Cobalt Strike C2 server linked to Ryuk activity
ip,157.245.88.69,Cobalt Strike C2 server linked to Ryuk activity
ip,159.203.36.61,Cobalt Strike C2 server linked to Ryuk activity
ip,159.65.216.127,Cobalt Strike C2 server linked to Ryuk activity
ip,159.89.53.108,Cobalt Strike C2 server linked to Ryuk activity
ip,165.22.125.178,Cobalt Strike C2 server linked to Ryuk activity
ip,165.227.196.0,Cobalt Strike C2 server linked to Ryuk activity
ip,172.106.86.13,Cobalt Strike C2 server linked to Ryuk activity
ip,172.106.86.22,Cobalt Strike C2 server linked to Ryuk activity
ip,172.106.86.4,Cobalt Strike C2 server linked to Ryuk activity
ip,172.106.86.5,Cobalt Strike C2 server linked to Ryuk activity
ip,172.106.86.6,Cobalt Strike C2 server linked to Ryuk activity
ip,172.241.27.65,Cobalt Strike C2 server linked to Ryuk activity
ip,172.241.27.65,Cobalt Strike C2 server linked to Ryuk activity
ip,172.241.27.68,Cobalt Strike C2 server linked to Ryuk activity
ip,172.241.27.68,Cobalt Strike C2 server linked to Ryuk activity
ip,172.241.27.70,Cobalt Strike C2 server linked to Ryuk activity
ip,172.241.27.70,Cobalt Strike C2 server linked to Ryuk activity
ip,178.62.247.205,Cobalt Strike C2 server linked to Ryuk activity
ip,178.79.132.82,Cobalt Strike C2 server linked to Ryuk activity
ip,179.43.128.3,Cobalt Strike C2 server linked to Ryuk activity
ip,179.43.128.3,Cobalt Strike C2 server linked to Ryuk activity
ip,179.43.128.5,Cobalt Strike C2 server linked to Ryuk activity
ip,179.43.128.5,Cobalt Strike C2 server linked to Ryuk activity
ip,179.43.133.44,Cobalt Strike C2 server linked to Ryuk activity
ip,179.43.133.44,Cobalt Strike C2 server linked to Ryuk activity
ip,179.43.158.171,Cobalt Strike C2 server linked to Ryuk activity
ip,179.43.160.205,Cobalt Strike C2 server linked to Ryuk activity
ip,179.43.160.205,Cobalt Strike C2 server linked to Ryuk activity
ip,185.184.223.194,Cobalt Strike C2 server linked to Ryuk activity
ip,185.25.50.167,Cobalt Strike C2 server linked to Ryuk activity
ip,188.166.52.176,Cobalt Strike C2 server linked to Ryuk activity
ip,190.211.254.154,Cobalt Strike C2 server linked to Ryuk activity
ip,190.211.254.154,Cobalt Strike C2 server linked to Ryuk activity
ip,192.241.143.121,Cobalt Strike C2 server linked to Ryuk activity
ip,192.81.211.69,Cobalt Strike C2 server linked to Ryuk activity
ip,193.142.58.129,Cobalt Strike C2 server linked to Ryuk activity
ip,194.26.29.201,Cobalt Strike C2 server linked to Ryuk activity
ip,194.26.29.202,Cobalt Strike C2 server linked to Ryuk activity
ip,194.26.29.219,Cobalt Strike C2 server linked to Ryuk activity
ip,194.26.29.220,Cobalt Strike C2 server linked to Ryuk activity
ip,194.26.29.225,Cobalt Strike C2 server linked to Ryuk activity
ip,194.26.29.226,Cobalt Strike C2 server linked to Ryuk activity
ip,194.26.29.227,Cobalt Strike C2 server linked to Ryuk activity
ip,194.26.29.229,Cobalt Strike C2 server linked to Ryuk activity
ip,194.26.29.230,Cobalt Strike C2 server linked to Ryuk activity
ip,194.26.29.232,Cobalt Strike C2 server linked to Ryuk activity
ip,194.26.29.234,Cobalt Strike C2 server linked to Ryuk activity
ip,194.26.29.235,Cobalt Strike C2 server linked to Ryuk activity
ip,194.26.29.236,Cobalt Strike C2 server linked to Ryuk activity
ip,194.26.29.237,Cobalt Strike C2 server linked to Ryuk activity
ip,194.26.29.239,Cobalt Strike C2 server linked to Ryuk activity
ip,194.26.29.242,Cobalt Strike C2 server linked to Ryuk activity
ip,194.26.29.243,Cobalt Strike C2 server linked to Ryuk activity
ip,194.26.29.244,Cobalt Strike C2 server linked to Ryuk activity
ip,194.26.29.247,Cobalt Strike C2 server linked to Ryuk activity
ip,198.211.116.199,Cobalt Strike C2 server linked to Ryuk activity
ip,199.247.13.144,Cobalt Strike C2 server linked to Ryuk activity
ip,205.185.121.134,Cobalt Strike C2 server linked to Ryuk activity
ip,205.185.126.172,Cobalt Strike C2 server linked to Ryuk activity
ip,207.148.15.31,Cobalt Strike C2 server linked to Ryuk activity
ip,207.148.21.17,Cobalt Strike C2 server linked to Ryuk activity
ip,207.148.8.61,Cobalt Strike C2 server linked to Ryuk activity
ip,207.246.67.70,Cobalt Strike C2 server linked to Ryuk activity
ip,209.141.34.91,Cobalt Strike C2 server linked to Ryuk activity
ip,209.141.49.233,Cobalt Strike C2 server linked to Ryuk activity
ip,209.141.61.247,Cobalt Strike C2 server linked to Ryuk activity
ip,209.141.61.43,Cobalt Strike C2 server linked to Ryuk activity
ip,209.222.108.106,Cobalt Strike C2 server linked to Ryuk activity
ip,209.97.130.197,Cobalt Strike C2 server linked to Ryuk activity
ip,213.252.244.126,Cobalt Strike C2 server linked to Ryuk activity
ip,213.252.244.170,Cobalt Strike C2 server linked to Ryuk activity
ip,213.252.244.38,Cobalt Strike C2 server linked to Ryuk activity
ip,213.252.244.62,Cobalt Strike C2 server linked to Ryuk activity
ip,213.252.245.71,Cobalt Strike C2 server linked to Ryuk activity
ip,213.252.246.144,Cobalt Strike C2 server linked to Ryuk activity
ip,213.252.246.154,Cobalt Strike C2 server linked to Ryuk activity
ip,213.252.246.185,Cobalt Strike C2 server linked to Ryuk activity
ip,216.155.157.249,Cobalt Strike C2 server linked to Ryuk activity
ip,217.69.15.175,Cobalt Strike C2 server linked to Ryuk activity
ip,31.7.59.141,Cobalt Strike C2 server linked to Ryuk activity
ip,45.138.172.51,Cobalt Strike C2 server linked to Ryuk activity
ip,45.138.172.95,Cobalt Strike C2 server linked to Ryuk activity
ip,45.141.86.136,Cobalt Strike C2 server linked to Ryuk activity
ip,45.141.86.146,Cobalt Strike C2 server linked to Ryuk activity
ip,45.141.86.155,Cobalt Strike C2 server linked to Ryuk activity
ip,45.141.86.194,Cobalt Strike C2 server linked to Ryuk activity
ip,45.141.86.206,Cobalt Strike C2 server linked to Ryuk activity
ip,45.141.86.207,Cobalt Strike C2 server linked to Ryuk activity
ip,45.141.86.84,Cobalt Strike C2 server linked to Ryuk activity
ip,45.141.86.90,Cobalt Strike C2 server linked to Ryuk activity
ip,45.141.86.91,Cobalt Strike C2 server linked to Ryuk activity
ip,45.141.86.92,Cobalt Strike C2 server linked to Ryuk activity
ip,45.141.86.93,Cobalt Strike C2 server linked to Ryuk activity
ip,45.141.86.94,Cobalt Strike C2 server linked to Ryuk activity
ip,45.141.86.95,Cobalt Strike C2 server linked to Ryuk activity
ip,45.141.86.96,Cobalt Strike C2 server linked to Ryuk activity
ip,45.141.86.97,Cobalt Strike C2 server linked to Ryuk activity
ip,45.141.86.98,Cobalt Strike C2 server linked to Ryuk activity
ip,45.147.228.77,Cobalt Strike C2 server linked to Ryuk activity
ip,45.147.229.128,Cobalt Strike C2 server linked to Ryuk activity
ip,45.147.229.180,Cobalt Strike C2 server linked to Ryuk activity
ip,45.147.229.180,Cobalt Strike C2 server linked to Ryuk activity
ip,45.147.229.44,Cobalt Strike C2 server linked to Ryuk activity
ip,45.147.229.52,Cobalt Strike C2 server linked to Ryuk activity
ip,45.147.229.52,Cobalt Strike C2 server linked to Ryuk activity
ip,45.147.229.68,Cobalt Strike C2 server linked to Ryuk activity
ip,45.147.229.92,Cobalt Strike C2 server linked to Ryuk activity
ip,45.147.229.92,Cobalt Strike C2 server linked to Ryuk activity
ip,45.147.230.131,Cobalt Strike C2 server linked to Ryuk activity
ip,45.147.230.132,Cobalt Strike C2 server linked to Ryuk activity
ip,45.147.230.132,Cobalt Strike C2 server linked to Ryuk activity
ip,45.147.230.133,Cobalt Strike C2 server linked to Ryuk activity
ip,45.147.230.140,Cobalt Strike C2 server linked to Ryuk activity
ip,45.147.230.140,Cobalt Strike C2 server linked to Ryuk activity
ip,45.147.230.141,Cobalt Strike C2 server linked to Ryuk activity
ip,45.147.230.141,Cobalt Strike C2 server linked to Ryuk activity
ip,45.147.230.159,Cobalt Strike C2 server linked to Ryuk activity
ip,45.147.230.159,Cobalt Strike C2 server linked to Ryuk activity
ip,45.147.230.241,Cobalt Strike C2 server linked to Ryuk activity
ip,45.147.230.30,Cobalt Strike C2 server linked to Ryuk activity
ip,45.147.230.87,Cobalt Strike C2 server linked to Ryuk activity
ip,45.147.231.222,Cobalt Strike C2 server linked to Ryuk activity
ip,45.147.231.222,Cobalt Strike C2 server linked to Ryuk activity
ip,45.153.240.136,Cobalt Strike C2 server linked to Ryuk activity
ip,45.153.240.138,Cobalt Strike C2 server linked to Ryuk activity
ip,45.153.240.138,Cobalt Strike C2 server linked to Ryuk activity
ip,45.153.240.157,Cobalt Strike C2 server linked to Ryuk activity
ip,45.153.240.178,Cobalt Strike C2 server linked to Ryuk activity
ip,45.153.240.178,Cobalt Strike C2 server linked to Ryuk activity
ip,45.153.240.194,Cobalt Strike C2 server linked to Ryuk activity
ip,45.153.240.194,Cobalt Strike C2 server linked to Ryuk activity
ip,45.153.240.220,Cobalt Strike C2 server linked to Ryuk activity
ip,45.153.240.220,Cobalt Strike C2 server linked to Ryuk activity
ip,45.153.240.222,Cobalt Strike C2 server linked to Ryuk activity
ip,45.153.240.240,Cobalt Strike C2 server linked to Ryuk activity
ip,45.153.241.1,Cobalt Strike C2 server linked to Ryuk activity
ip,45.153.241.134,Cobalt Strike C2 server linked to Ryuk activity
ip,45.153.241.138,Cobalt Strike C2 server linked to Ryuk activity
ip,45.153.241.139,Cobalt Strike C2 server linked to Ryuk activity
ip,45.153.241.14,Cobalt Strike C2 server linked to Ryuk activity
ip,45.153.241.14,Cobalt Strike C2 server linked to Ryuk activity
ip,45.153.241.141,Cobalt Strike C2 server linked to Ryuk activity
ip,45.153.241.141,Cobalt Strike C2 server linked to Ryuk activity
ip,45.153.241.146,Cobalt Strike C2 server linked to Ryuk activity
ip,45.153.241.153,Cobalt Strike C2 server linked to Ryuk activity
ip,45.153.241.158,Cobalt Strike C2 server linked to Ryuk activity
ip,45.153.241.167,Cobalt Strike C2 server linked to Ryuk activity
ip,45.32.130.5,Cobalt Strike C2 server linked to Ryuk activity
ip,45.32.134.62,Cobalt Strike C2 server linked to Ryuk activity
ip,45.32.170.9,Cobalt Strike C2 server linked to Ryuk activity
ip,45.32.30.162,Cobalt Strike C2 server linked to Ryuk activity
ip,45.34.6.221,Cobalt Strike C2 server linked to Ryuk activity
ip,45.34.6.222,Cobalt Strike C2 server linked to Ryuk activity
ip,45.34.6.223,Cobalt Strike C2 server linked to Ryuk activity
ip,45.34.6.225,Cobalt Strike C2 server linked to Ryuk activity
ip,45.34.6.226,Cobalt Strike C2 server linked to Ryuk activity
ip,45.34.6.229,Cobalt Strike C2 server linked to Ryuk activity
ip,45.63.95.187,Cobalt Strike C2 server linked to Ryuk activity
ip,45.76.167.35,Cobalt Strike C2 server linked to Ryuk activity
ip,45.76.20.140,Cobalt Strike C2 server linked to Ryuk activity
ip,45.76.231.195,Cobalt Strike C2 server linked to Ryuk activity
ip,45.76.45.162,Cobalt Strike C2 server linked to Ryuk activity
ip,45.76.49.78,Cobalt Strike C2 server linked to Ryuk activity
ip,45.77.119.212,Cobalt Strike C2 server linked to Ryuk activity
ip,45.77.153.72,Cobalt Strike C2 server linked to Ryuk activity
ip,45.77.206.105,Cobalt Strike C2 server linked to Ryuk activity
ip,45.77.58.172,Cobalt Strike C2 server linked to Ryuk activity
ip,45.77.89.31,Cobalt Strike C2 server linked to Ryuk activity
ip,45.77.98.157,Cobalt Strike C2 server linked to Ryuk activity
ip,46.19.142.154,Cobalt Strike C2 server linked to Ryuk activity
ip,5.2.64.113,Cobalt Strike C2 server linked to Ryuk activity
ip,5.2.64.133,Cobalt Strike C2 server linked to Ryuk activity
ip,5.2.64.135,Cobalt Strike C2 server linked to Ryuk activity
ip,5.2.64.144,Cobalt Strike C2 server linked to Ryuk activity
ip,5.2.64.149,Cobalt Strike C2 server linked to Ryuk activity
ip,5.2.64.167,Cobalt Strike C2 server linked to Ryuk activity
ip,5.2.64.172,Cobalt Strike C2 server linked to Ryuk activity
ip,5.2.64.174,Cobalt Strike C2 server linked to Ryuk activity
ip,5.2.64.182,Cobalt Strike C2 server linked to Ryuk activity
ip,5.2.70.149,Cobalt Strike C2 server linked to Ryuk activity
ip,5.2.72.200,Cobalt Strike C2 server linked to Ryuk activity
ip,5.2.72.202,Cobalt Strike C2 server linked to Ryuk activity
ip,5.2.79.10,Cobalt Strike C2 server linked to Ryuk activity
ip,5.2.79.12,Cobalt Strike C2 server linked to Ryuk activity
ip,5.2.79.121,Cobalt Strike C2 server linked to Ryuk activity
ip,5.2.79.122,Cobalt Strike C2 server linked to Ryuk activity
ip,63.209.33.131,Cobalt Strike C2 server linked to Ryuk activity
ip,64.44.131.103,Cobalt Strike C2 server linked to Ryuk activity
ip,64.44.131.107,Cobalt Strike C2 server linked to Ryuk activity
ip,66.42.118.123,Cobalt Strike C2 server linked to Ryuk activity
ip,66.42.86.61,Cobalt Strike C2 server linked to Ryuk activity
ip,69.55.60.140,Cobalt Strike C2 server linked to Ryuk activity
ip,69.61.38.132,Cobalt Strike C2 server linked to Ryuk activity
ip,69.61.38.155,Cobalt Strike C2 server linked to Ryuk activity
ip,69.61.38.156,Cobalt Strike C2 server linked to Ryuk activity
ip,69.61.38.157,Cobalt Strike C2 server linked to Ryuk activity
ip,74.118.138.115,Cobalt Strike C2 server linked to Ryuk activity
ip,74.118.138.115,Cobalt Strike C2 server linked to Ryuk activity
ip,74.118.138.137,Cobalt Strike C2 server linked to Ryuk activity
ip,74.118.138.138,Cobalt Strike C2 server linked to Ryuk activity
ip,74.118.138.139,Cobalt Strike C2 server linked to Ryuk activity
ip,79.124.60.117,Cobalt Strike C2 server linked to Ryuk activity
ip,80.240.18.106,Cobalt Strike C2 server linked to Ryuk activity
ip,81.17.25.210,Cobalt Strike C2 server linked to Ryuk activity
ip,81.17.28.105,Cobalt Strike C2 server linked to Ryuk activity
ip,81.17.28.122,Cobalt Strike C2 server linked to Ryuk activity
ip,81.17.28.70,Cobalt Strike C2 server linked to Ryuk activity
ip,81.17.28.82,Cobalt Strike C2 server linked to Ryuk activity
ip,88.119.171.55,Cobalt Strike C2 server linked to Ryuk activity
ip,88.119.171.67,Cobalt Strike C2 server linked to Ryuk activity
ip,88.119.171.68,Cobalt Strike C2 server linked to Ryuk activity
ip,88.119.171.69,Cobalt Strike C2 server linked to Ryuk activity
ip,88.119.171.73,Cobalt Strike C2 server linked to Ryuk activity
ip,88.119.171.74,Cobalt Strike C2 server linked to Ryuk activity
ip,88.119.171.75,Cobalt Strike C2 server linked to Ryuk activity
ip,88.119.171.76,Cobalt Strike C2 server linked to Ryuk activity
ip,88.119.171.77,Cobalt Strike C2 server linked to Ryuk activity
ip,88.119.171.78,Cobalt Strike C2 server linked to Ryuk activity
ip,88.119.171.94,Cobalt Strike C2 server linked to Ryuk activity
ip,88.119.171.96,Cobalt Strike C2 server linked to Ryuk activity
ip,88.119.171.97,Cobalt Strike C2 server linked to Ryuk activity
ip,88.119.174.107,Cobalt Strike C2 server linked to Ryuk activity
ip,88.119.174.107,Cobalt Strike C2 server linked to Ryuk activity
ip,88.119.174.109,Cobalt Strike C2 server linked to Ryuk activity
ip,88.119.174.110,Cobalt Strike C2 server linked to Ryuk activity
ip,88.119.174.114,Cobalt Strike C2 server linked to Ryuk activity
ip,88.119.174.116,Cobalt Strike C2 server linked to Ryuk activity
ip,88.119.174.117,Cobalt Strike C2 server linked to Ryuk activity
ip,88.119.174.118,Cobalt Strike C2 server linked to Ryuk activity
ip,88.119.174.119,Cobalt Strike C2 server linked to Ryuk activity
ip,88.119.174.120,Cobalt Strike C2 server linked to Ryuk activity
ip,88.119.174.121,Cobalt Strike C2 server linked to Ryuk activity
ip,88.119.174.125,Cobalt Strike C2 server linked to Ryuk activity
ip,88.119.174.126,Cobalt Strike C2 server linked to Ryuk activity
ip,88.119.174.127,Cobalt Strike C2 server linked to Ryuk activity
ip,88.119.174.128,Cobalt Strike C2 server linked to Ryuk activity
ip,88.119.174.129,Cobalt Strike C2 server linked to Ryuk activity
ip,88.119.174.130,Cobalt Strike C2 server linked to Ryuk activity
ip,88.119.174.131,Cobalt Strike C2 server linked to Ryuk activity
ip,88.119.174.132,Cobalt Strike C2 server linked to Ryuk activity
ip,88.119.174.133,Cobalt Strike C2 server linked to Ryuk activity
ip,88.119.174.139,Cobalt Strike C2 server linked to Ryuk activity
ip,88.119.175.153,Cobalt Strike C2 server linked to Ryuk activity
ip,88.119.175.214,Cobalt Strike C2 server linked to Ryuk activity
ip,88.119.175.237,Cobalt Strike C2 server linked to Ryuk activity
ip,94.177.12.161,Cobalt Strike C2 server linked to Ryuk activity
ip,95.179.147.215,Cobalt Strike C2 server linked to Ryuk activity
ip,95.179.210.8,Cobalt Strike C2 server linked to Ryuk activity
ip,95.179.215.228,Cobalt Strike C2 server linked to Ryuk activity
ip,95.179.219.169,Cobalt Strike C2 server linked to Ryuk activity
ip,96.30.192.141,Cobalt Strike C2 server linked to Ryuk activity
ip,96.30.193.57,Cobalt Strike C2 server linked to Ryuk activity
ip,96.9.209.156,Cobalt Strike C2 server linked to Ryuk activity
ip,96.9.209.161,Cobalt Strike C2 server linked to Ryuk activity
ip,96.9.209.177,Cobalt Strike C2 server linked to Ryuk activity
ip,96.9.209.214,Cobalt Strike C2 server linked to Ryuk activity
ip,96.9.209.215,Cobalt Strike C2 server linked to Ryuk activity
ip,96.9.209.216,Cobalt Strike C2 server linked to Ryuk activity
ip,96.9.209.217,Cobalt Strike C2 server linked to Ryuk activity
ip,96.9.225.143,Cobalt Strike C2 server linked to Ryuk activity
ip,96.9.225.144,Cobalt Strike C2 server linked to Ryuk activity
domain,aaatus.com,Cobalt Strike C2 server linked to Ryuk activity
domain,actionshunter.com,Cobalt Strike C2 server linked to Ryuk activity
domain,avrenew.com,Cobalt Strike C2 server linked to Ryuk activity
domain,ayechecker.com,Cobalt Strike C2 server linked to Ryuk activity
domain,ayiyas.com,Cobalt Strike C2 server linked to Ryuk activity
domain,backup-helper.com,Cobalt Strike C2 server linked to Ryuk activity
domain,backup-leader.com,Cobalt Strike C2 server linked to Ryuk activity
domain,backup-simple.com,Cobalt Strike C2 server linked to Ryuk activity
domain,backup1helper.com,Cobalt Strike C2 server linked to Ryuk activity
domain,backup1master.com,Cobalt Strike C2 server linked to Ryuk activity
domain,backup1service.com,Cobalt Strike C2 server linked to Ryuk activity
domain,backup1services.com,Cobalt Strike C2 server linked to Ryuk activity
domain,backuphel.com,Cobalt Strike C2 server linked to Ryuk activity
domain,backupmaster-service.com,Cobalt Strike C2 server linked to Ryuk activity
domain,backupmasterservice.com,Cobalt Strike C2 server linked to Ryuk activity
domain,backupmastter.com,Cobalt Strike C2 server linked to Ryuk activity
domain,backupnas1.com,Cobalt Strike C2 server linked to Ryuk activity
domain,backups1helper.com,Cobalt Strike C2 server linked to Ryuk activity
domain,backupslive.com,Cobalt Strike C2 server linked to Ryuk activity
domain,bakcup-checker.com,Cobalt Strike C2 server linked to Ryuk activity
domain,bakcup-monster.com,Cobalt Strike C2 server linked to Ryuk activity
domain,balanarr.com,Cobalt Strike C2 server linked to Ryuk activity
domain,best-backup.com,Cobalt Strike C2 server linked to Ryuk activity
domain,best-nas.com,Cobalt Strike C2 server linked to Ryuk activity
domain,bestservicehelper.com,Cobalt Strike C2 server linked to Ryuk activity
domain,besttus.com,Cobalt Strike C2 server linked to Ryuk activity
domain,bigtus.com,Cobalt Strike C2 server linked to Ryuk activity
domain,biliyilish.com,Cobalt Strike C2 server linked to Ryuk activity
domain,bithunterr.com,Cobalt Strike C2 server linked to Ryuk activity
domain,blackhoall.com,Cobalt Strike C2 server linked to Ryuk activity
domain,boost-helper.com,Cobalt Strike C2 server linked to Ryuk activity
domain,boost-servicess.com,Cobalt Strike C2 server linked to Ryuk activity
domain,boost-yourservice.com,Cobalt Strike C2 server linked to Ryuk activity
domain,boostsecuritys.com,Cobalt Strike C2 server linked to Ryuk activity
domain,boostyourservice.com,Cobalt Strike C2 server linked to Ryuk activity
domain,bouths.com,Cobalt Strike C2 server linked to Ryuk activity
domain,brainschampions.com,Cobalt Strike C2 server linked to Ryuk activity
domain,bugsbunnyy.com,Cobalt Strike C2 server linked to Ryuk activity
domain,bukaguka.com,Cobalt Strike C2 server linked to Ryuk activity
domain,cantliee.com,Cobalt Strike C2 server linked to Ryuk activity
domain,caonimas.com,Cobalt Strike C2 server linked to Ryuk activity
domain,chainnss.com,Cobalt Strike C2 server linked to Ryuk activity
domain,chalengges.com,Cobalt Strike C2 server linked to Ryuk activity
domain,cheapshhot.com,Cobalt Strike C2 server linked to Ryuk activity
domain,check1domains.com,Cobalt Strike C2 server linked to Ryuk activity
domain,check4list.com,Cobalt Strike C2 server linked to Ryuk activity
domain,checkhunterr.com,Cobalt Strike C2 server linked to Ryuk activity
domain,checksservice.com,Cobalt Strike C2 server linked to Ryuk activity
domain,checktodrivers.com,Cobalt Strike C2 server linked to Ryuk activity
domain,checkwinupdate.com,Cobalt Strike C2 server linked to Ryuk activity
domain,chekingking.com,Cobalt Strike C2 server linked to Ryuk activity
domain,ciscocheckapi.com,Cobalt Strike C2 server linked to Ryuk activity
domain,cleardefencewin.com,Cobalt Strike C2 server linked to Ryuk activity
domain,cmdupdatewin.com,Cobalt Strike C2 server linked to Ryuk activity
domain,comssite.com,Cobalt Strike C2 server linked to Ryuk activity
domain,conhostservice.com,Cobalt Strike C2 server linked to Ryuk activity
domain,cylenceprotect.com,Cobalt Strike C2 server linked to Ryuk activity
domain,daemon-update.com,Cobalt Strike C2 server linked to Ryuk activity
domain,daggerclip.com,Cobalt Strike C2 server linked to Ryuk activity
domain,debug-service.com,Cobalt Strike C2 server linked to Ryuk activity
domain,defenswin.com,Cobalt Strike C2 server linked to Ryuk activity
domain,developmasters.com,Cobalt Strike C2 server linked to Ryuk activity
domain,dotmaingame.com,Cobalt Strike C2 server linked to Ryuk activity
domain,driver-boosters.com,Cobalt Strike C2 server linked to Ryuk activity
domain,driver1downloads.com,Cobalt Strike C2 server linked to Ryuk activity
domain,driver1master.com,Cobalt Strike C2 server linked to Ryuk activity
domain,driver1updater.com,Cobalt Strike C2 server linked to Ryuk activity
domain,driverdwl.com,Cobalt Strike C2 server linked to Ryuk activity
domain,driverjumper.com,Cobalt Strike C2 server linked to Ryuk activity
domain,driversupd.com,Cobalt Strike C2 server linked to Ryuk activity
domain,easytus.com,Cobalt Strike C2 server linked to Ryuk activity
domain,eighteenthservicehelper.com,Cobalt Strike C2 server linked to Ryuk activity
domain,eighthservicehelper.com,Cobalt Strike C2 server linked to Ryuk activity
domain,eighthserviceupdater.com,Cobalt Strike C2 server linked to Ryuk activity
domain,eithtservice-developer.com,Cobalt Strike C2 server linked to Ryuk activity
domain,elephantdrrive.com,Cobalt Strike C2 server linked to Ryuk activity
domain,eleventhservicehelper.com,Cobalt Strike C2 server linked to Ryuk activity
domain,eleventhserviceupdater.com,Cobalt Strike C2 server linked to Ryuk activity
domain,errvghu.com,Cobalt Strike C2 server linked to Ryuk activity
domain,fastbloodhunter.com,Cobalt Strike C2 server linked to Ryuk activity
domain,fifteenthservicehelper.com,Cobalt Strike C2 server linked to Ryuk activity
domain,fifthservice-developer.com,Cobalt Strike C2 server linked to Ryuk activity
domain,fifthservicehelper.com,Cobalt Strike C2 server linked to Ryuk activity
domain,fifthserviceupdater.com,Cobalt Strike C2 server linked to Ryuk activity
domain,findtus.com,Cobalt Strike C2 server linked to Ryuk activity
domain,firstservice-developer.com,Cobalt Strike C2 server linked to Ryuk activity
domain,firstserviceupdater.com,Cobalt Strike C2 server linked to Ryuk activity
domain,firstservisehelper.com,Cobalt Strike C2 server linked to Ryuk activity
domain,firsttus.com,Cobalt Strike C2 server linked to Ryuk activity
domain,fourservicehelper.com,Cobalt Strike C2 server linked to Ryuk activity
domain,fourteenthservicehelper.com,Cobalt Strike C2 server linked to Ryuk activity
domain,fourthservice-developer.com,Cobalt Strike C2 server linked to Ryuk activity
domain,fourthserviceupdater.com,Cobalt Strike C2 server linked to Ryuk activity
domain,freeallsafe.com,Cobalt Strike C2 server linked to Ryuk activity
domain,freeoldsafe.com,Cobalt Strike C2 server linked to Ryuk activity
domain,gameleaderr.com,Cobalt Strike C2 server linked to Ryuk activity
domain,getinformationss.com,Cobalt Strike C2 server linked to Ryuk activity
domain,giveasees.com,Cobalt Strike C2 server linked to Ryuk activity
domain,greattus.com,Cobalt Strike C2 server linked to Ryuk activity
domain,gtrsqer.com,Cobalt Strike C2 server linked to Ryuk activity
domain,gungameon.com,Cobalt Strike C2 server linked to Ryuk activity
domain,gunsdrag.com,Cobalt Strike C2 server linked to Ryuk activity
domain,hakunaman.com,Cobalt Strike C2 server linked to Ryuk activity
domain,hakunamatatata.com,Cobalt Strike C2 server linked to Ryuk activity
domain,harddagger.com,Cobalt Strike C2 server linked to Ryuk activity
domain,havemosts.com,Cobalt Strike C2 server linked to Ryuk activity
domain,havesetup.net,Cobalt Strike C2 server linked to Ryuk activity
domain,helpforyourservice.com,Cobalt Strike C2 server linked to Ryuk activity
domain,hotlable.com,Cobalt Strike C2 server linked to Ryuk activity
domain,hunbabe.com,Cobalt Strike C2 server linked to Ryuk activity
domain,hungrrybaby.com,Cobalt Strike C2 server linked to Ryuk activity
domain,huntersservice.com,Cobalt Strike C2 server linked to Ryuk activity
domain,hurrypotter.com,Cobalt Strike C2 server linked to Ryuk activity
domain,hybriqdjs.com,Cobalt Strike C2 server linked to Ryuk activity
domain,ibackupboost.com,Cobalt Strike C2 server linked to Ryuk activity
domain,ibackupupdate.com,Cobalt Strike C2 server linked to Ryuk activity
domain,ibackupview.com,Cobalt Strike C2 server linked to Ryuk activity
domain,idriveboost.com,Cobalt Strike C2 server linked to Ryuk activity
domain,idrivecheck.com,Cobalt Strike C2 server linked to Ryuk activity
domain,idrivedownload.com,Cobalt Strike C2 server linked to Ryuk activity
domain,idrivedwn.com,Cobalt Strike C2 server linked to Ryuk activity
domain,idrivefinder.com,Cobalt Strike C2 server linked to Ryuk activity
domain,idrivehepler.com,Cobalt Strike C2 server linked to Ryuk activity
domain,idriverrs.com,Cobalt Strike C2 server linked to Ryuk activity
domain,idriveupdate.com,Cobalt Strike C2 server linked to Ryuk activity
domain,idriveview.com,Cobalt Strike C2 server linked to Ryuk activity
domain,iexploreservice.com,Cobalt Strike C2 server linked to Ryuk activity
domain,imagodd.com,Cobalt Strike C2 server linked to Ryuk activity
domain,imasterupdate.com,Cobalt Strike C2 server linked to Ryuk activity
domain,info-develop.com,Cobalt Strike C2 server linked to Ryuk activity
domain,it1booster.com,Cobalt Strike C2 server linked to Ryuk activity
domain,itopupdater.com,Cobalt Strike C2 server linked to Ryuk activity
domain,iupdaters.com,Cobalt Strike C2 server linked to Ryuk activity
domain,jomamba.best,Cobalt Strike C2 server linked to Ryuk activity
domain,jonsonsbabyy.com,Cobalt Strike C2 server linked to Ryuk activity
domain,kungfupandasa.com,Cobalt Strike C2 server linked to Ryuk activity
domain,lindasak.com,Cobalt Strike C2 server linked to Ryuk activity
domain,livecheckpointsrs.com,Cobalt Strike C2 server linked to Ryuk activity
domain,livetus.com,Cobalt Strike C2 server linked to Ryuk activity
domain,loockfinderrs.com,Cobalt Strike C2 server linked to Ryuk activity
domain,loxliver.com,Cobalt Strike C2 server linked to Ryuk activity
domain,lsassupdate.com,Cobalt Strike C2 server linked to Ryuk activity
domain,lsasswininfo.com,Cobalt Strike C2 server linked to Ryuk activity
domain,luckyhunterrs.com,Cobalt Strike C2 server linked to Ryuk activity
domain,martahzz.com,Cobalt Strike C2 server linked to Ryuk activity
domain,maybebaybe.com,Cobalt Strike C2 server linked to Ryuk activity
domain,microsoftupdateswin.com,Cobalt Strike C2 server linked to Ryuk activity
domain,mixunderax.com,Cobalt Strike C2 server linked to Ryuk activity
domain,moonshardd.com,Cobalt Strike C2 server linked to Ryuk activity
domain,mountasd.com,Cobalt Strike C2 server linked to Ryuk activity
domain,myobtain.com,Cobalt Strike C2 server linked to Ryuk activity
domain,myservicebooster.com,Cobalt Strike C2 server linked to Ryuk activity
domain,myservicebooster.net,Cobalt Strike C2 server linked to Ryuk activity
domain,myserviceconnect.net,Cobalt Strike C2 server linked to Ryuk activity
domain,myserviceupdater.com,Cobalt Strike C2 server linked to Ryuk activity
domain,myyserviceupdater.com,Cobalt Strike C2 server linked to Ryuk activity
domain,nas-leader.com,Cobalt Strike C2 server linked to Ryuk activity
domain,nas-simple-helper.com,Cobalt Strike C2 server linked to Ryuk activity
domain,nashelper.com,Cobalt Strike C2 server linked to Ryuk activity
domain,nasmasterservice.com,Cobalt Strike C2 server linked to Ryuk activity
domain,nasmastrservice.com,Cobalt Strike C2 server linked to Ryuk activity
domain,newservicehelper.com,Cobalt Strike C2 server linked to Ryuk activity
domain,nineteenthservicehelper.com,Cobalt Strike C2 server linked to Ryuk activity
domain,ninethservice-developer.com,Cobalt Strike C2 server linked to Ryuk activity
domain,ninethserviceupdater.com,Cobalt Strike C2 server linked to Ryuk activity
domain,ninthservicehelper.com,Cobalt Strike C2 server linked to Ryuk activity
domain,nomadfunclub.com,Cobalt Strike C2 server linked to Ryuk activity
domain,primeviref.com,Cobalt Strike C2 server linked to Ryuk activity
domain,puckhunterrr.com,Cobalt Strike C2 server linked to Ryuk activity
domain,pudgeee.com,Cobalt Strike C2 server linked to Ryuk activity
domain,qascker.com,Cobalt Strike C2 server linked to Ryuk activity
domain,quwasd.com,Cobalt Strike C2 server linked to Ryuk activity
domain,raaidboss.com,Cobalt Strike C2 server linked to Ryuk activity
domain,raidbossa.com,Cobalt Strike C2 server linked to Ryuk activity
domain,raingamess.com,Cobalt Strike C2 server linked to Ryuk activity
domain,rapirasa.com,Cobalt Strike C2 server linked to Ryuk activity
domain,razorses.com,Cobalt Strike C2 server linked to Ryuk activity
domain,realgamess.com,Cobalt Strike C2 server linked to Ryuk activity
domain,regbed.com,Cobalt Strike C2 server linked to Ryuk activity
domain,reginds.com,Cobalt Strike C2 server linked to Ryuk activity
domain,remotessa.com,Cobalt Strike C2 server linked to Ryuk activity
domain,renovatesystem.com,Cobalt Strike C2 server linked to Ryuk activity
domain,rulemonster.com,Cobalt Strike C2 server linked to Ryuk activity
domain,saynoforbubble.com,Cobalt Strike C2 server linked to Ryuk activity
domain,scrservallinst.info,Cobalt Strike C2 server linked to Ryuk activity
domain,secondlivve.com,Cobalt Strike C2 server linked to Ryuk activity
domain,secondservice-developer.com,Cobalt Strike C2 server linked to Ryuk activity
domain,secondservicehelper.com,Cobalt Strike C2 server linked to Ryuk activity
domain,secondserviceupdater.com,Cobalt Strike C2 server linked to Ryuk activity
domain,service-booster.com,Cobalt Strike C2 server linked to Ryuk activity
domain,service-boosterr.com,Cobalt Strike C2 server linked to Ryuk activity
domain,service-checker.com,Cobalt Strike C2 server linked to Ryuk activity
domain,service-hel.com,Cobalt Strike C2 server linked to Ryuk activity
domain,service-hellper.com,Cobalt Strike C2 server linked to Ryuk activity
domain,service-helpes.com,Cobalt Strike C2 server linked to Ryuk activity
domain,service-hunter.com,Cobalt Strike C2 server linked to Ryuk activity
domain,service-leader.com,Cobalt Strike C2 server linked to Ryuk activity
domain,service-updateer.com,Cobalt Strike C2 server linked to Ryuk activity
domain,service-updater.com,Cobalt Strike C2 server linked to Ryuk activity
domain,service1boost.com,Cobalt Strike C2 server linked to Ryuk activity
domain,service1update.com,Cobalt Strike C2 server linked to Ryuk activity
domain,service1updater.com,Cobalt Strike C2 server linked to Ryuk activity
domain,service1view.com,Cobalt Strike C2 server linked to Ryuk activity
domain,serviceboosterr.com,Cobalt Strike C2 server linked to Ryuk activity
domain,serviceboostnumberone.com,Cobalt Strike C2 server linked to Ryuk activity
domain,servicecheckerr.com,Cobalt Strike C2 server linked to Ryuk activity
domain,servicedbooster.com,Cobalt Strike C2 server linked to Ryuk activity
domain,servicedhunter.com,Cobalt Strike C2 server linked to Ryuk activity
domain,servicedpower.com,Cobalt Strike C2 server linked to Ryuk activity
domain,servicedupdater.com,Cobalt Strike C2 server linked to Ryuk activity
domain,servicegungster.com,Cobalt Strike C2 server linked to Ryuk activity
domain,servicehel.com,Cobalt Strike C2 server linked to Ryuk activity
domain,servicehunterr.com,Cobalt Strike C2 server linked to Ryuk activity
domain,servicemonsterr.com,Cobalt Strike C2 server linked to Ryuk activity
domain,servicemount.com,Cobalt Strike C2 server linked to Ryuk activity
domain,servicemusthave.com,Cobalt Strike C2 server linked to Ryuk activity
domain,servicereader.com,Cobalt Strike C2 server linked to Ryuk activity
domain,servicesbooster.com,Cobalt Strike C2 server linked to Ryuk activity
domain,servicesbooster.org,Cobalt Strike C2 server linked to Ryuk activity
domain,servicesecurity.org,Cobalt Strike C2 server linked to Ryuk activity
domain,serviceshelpers.com,Cobalt Strike C2 server linked to Ryuk activity
domain,serviceshelps.com,Cobalt Strike C2 server linked to Ryuk activity
domain,servicesupdater.com,Cobalt Strike C2 server linked to Ryuk activity
domain,serviceswork.net,Cobalt Strike C2 server linked to Ryuk activity
domain,serviceupdates.net,Cobalt Strike C2 server linked to Ryuk activity
domain,serviceupdatter.com,Cobalt Strike C2 server linked to Ryuk activity
domain,serviceuphelper.com,Cobalt Strike C2 server linked to Ryuk activity
domain,servicewikii.com,Cobalt Strike C2 server linked to Ryuk activity
domain,seventeenthservicehelper.com,Cobalt Strike C2 server linked to Ryuk activity
domain,seventhservice-developer.com,Cobalt Strike C2 server linked to Ryuk activity
domain,seventhservicehelper.com,Cobalt Strike C2 server linked to Ryuk activity
domain,seventhserviceupdater.com,Cobalt Strike C2 server linked to Ryuk activity
domain,sexycservice.com,Cobalt Strike C2 server linked to Ryuk activity
domain,sexyservicee.com,Cobalt Strike C2 server linked to Ryuk activity
domain,shabihere.com,Cobalt Strike C2 server linked to Ryuk activity
domain,sibalsakie.com,Cobalt Strike C2 server linked to Ryuk activity
domain,simple-backupbooster.com,Cobalt Strike C2 server linked to Ryuk activity
domain,sixteenthservicehelper.com,Cobalt Strike C2 server linked to Ryuk activity
domain,sixthservice-developer.com,Cobalt Strike C2 server linked to Ryuk activity
domain,sixthservicehelper.com,Cobalt Strike C2 server linked to Ryuk activity
domain,sixthserviceupdater.com,Cobalt Strike C2 server linked to Ryuk activity
domain,sobcase.com,Cobalt Strike C2 server linked to Ryuk activity
domain,sophosdefence.com,Cobalt Strike C2 server linked to Ryuk activity
domain,starcyclone.com,Cobalt Strike C2 server linked to Ryuk activity
domain,sunofgodd.com,Cobalt Strike C2 server linked to Ryuk activity
domain,sweetmonsterr.com,Cobalt Strike C2 server linked to Ryuk activity
domain,target-support.online,Cobalt Strike C2 server linked to Ryuk activity
domain,tarhungangster.com,Cobalt Strike C2 server linked to Ryuk activity
domain,taskshedulewin.com,Cobalt Strike C2 server linked to Ryuk activity
domain,tenthservice-developer.com,Cobalt Strike C2 server linked to Ryuk activity
domain,tenthservicehelper.com,Cobalt Strike C2 server linked to Ryuk activity
domain,tenthserviceupdater.com,Cobalt Strike C2 server linked to Ryuk activity
domain,thecheckupdater.com,Cobalt Strike C2 server linked to Ryuk activity
domain,thirdservice-developer.com,Cobalt Strike C2 server linked to Ryuk activity
domain,thirdservicehelper.com,Cobalt Strike C2 server linked to Ryuk activity
domain,thirdserviceupdater.com,Cobalt Strike C2 server linked to Ryuk activity
domain,thirteenthservicehelper.com,Cobalt Strike C2 server linked to Ryuk activity
domain,tiancaii.com,Cobalt Strike C2 server linked to Ryuk activity
domain,timesshifts.com,Cobalt Strike C2 server linked to Ryuk activity
domain,top-backuphelper.com,Cobalt Strike C2 server linked to Ryuk activity
domain,top-backupservice.com,Cobalt Strike C2 server linked to Ryuk activity
domain,top-servicebooster.com,Cobalt Strike C2 server linked to Ryuk activity
domain,top-serviceupdater.com,Cobalt Strike C2 server linked to Ryuk activity
domain,top3-services.com,Cobalt Strike C2 server linked to Ryuk activity
domain,top3servicebooster.com,Cobalt Strike C2 server linked to Ryuk activity
domain,top3servicebooster.com,Cobalt Strike C2 server linked to Ryuk activity
domain,topbackup-helper.com,Cobalt Strike C2 server linked to Ryuk activity
domain,topbackupintheworld.com,Cobalt Strike C2 server linked to Ryuk activity
domain,topsecurityservice.net,Cobalt Strike C2 server linked to Ryuk activity
domain,topservice-masters.com,Cobalt Strike C2 server linked to Ryuk activity
domain,topservicebooster.com,Cobalt Strike C2 server linked to Ryuk activity
domain,topservicehelper.com,Cobalt Strike C2 server linked to Ryuk activity
domain,topservicesbooster.com,Cobalt Strike C2 server linked to Ryuk activity
domain,topservicesecurity.com,Cobalt Strike C2 server linked to Ryuk activity
domain,topservicesecurity.net,Cobalt Strike C2 server linked to Ryuk activity
domain,topservicesecurity.org,Cobalt Strike C2 server linked to Ryuk activity
domain,topservicesupdate.com,Cobalt Strike C2 server linked to Ryuk activity
domain,topservicesupdates.com,Cobalt Strike C2 server linked to Ryuk activity
domain,topserviceupdater.com,Cobalt Strike C2 server linked to Ryuk activity
domain,toyotacamryy.com,Cobalt Strike C2 server linked to Ryuk activity
domain,twelfthservicehelper.com,Cobalt Strike C2 server linked to Ryuk activity
domain,twelvethserviceupdater.com,Cobalt Strike C2 server linked to Ryuk activity
domain,twentiethservicehelper.com,Cobalt Strike C2 server linked to Ryuk activity
domain,unlockwsa.com,Cobalt Strike C2 server linked to Ryuk activity
domain,update-wind.com,Cobalt Strike C2 server linked to Ryuk activity
domain,update-wins.com,Cobalt Strike C2 server linked to Ryuk activity
domain,updatemanagir.us,Cobalt Strike C2 server linked to Ryuk activity
domain,updatewinlsass.com,Cobalt Strike C2 server linked to Ryuk activity
domain,updatewinsoftr.com,Cobalt Strike C2 server linked to Ryuk activity
domain,view-backup.com,Cobalt Strike C2 server linked to Ryuk activity
domain,viewdrivers.com,Cobalt Strike C2 server linked to Ryuk activity
domain,vnuret.com,Cobalt Strike C2 server linked to Ryuk activity
domain,voiddas.com,Cobalt Strike C2 server linked to Ryuk activity
domain,web-analysis.live,Cobalt Strike C2 server linked to Ryuk activity
domain,webxyz.net,Cobalt Strike C2 server linked to Ryuk activity
domain,windefenceinfo.com,Cobalt Strike C2 server linked to Ryuk activity
domain,windefens.com,Cobalt Strike C2 server linked to Ryuk activity
domain,winsysteminfo.com,Cobalt Strike C2 server linked to Ryuk activity
domain,winsystemupdate.com,Cobalt Strike C2 server linked to Ryuk activity
domain,wodemayaa.com,Cobalt Strike C2 server linked to Ryuk activity
domain,wondergodst.com,Cobalt Strike C2 server linked to Ryuk activity
domain,worldtus.com,Cobalt Strike C2 server linked to Ryuk activity
domain,yourserviceupdater.com,Cobalt Strike C2 server linked to Ryuk activity
domain,yoursuperservice.com,Cobalt Strike C2 server linked to Ryuk activity
domain,zapored.com,Cobalt Strike C2 server linked to Ryuk activity
domain,zetrexx.com,Cobalt Strike C2 server linked to Ryuk activity
domain,zhameharden.com,Cobalt Strike C2 server linked to Ryuk activity
url,https://mixcinc.com:443,Bazar Loader delivery or C2
url,https://nicknamec.com:443,Bazar Loader delivery or C2
url,https://titlecs.com:443,Bazar Loader delivery or C2
url,https://labelcs.com/9578547dc4cdff3ebf006a30248d3ca3/BI4uaS61--B2CrdZm3v0gxzEdXesvXkHyk6A4lFa,Bazar Loader delivery or C2
url,https://labelcs.com/9578547dc4cdff3ebf006a30248d3ca3/CxLc54lDRqbBAElRchn5jPTumGAUefy6-1VugOcU,Bazar Loader delivery or C2
url,https://labelcs.com/9578547dc4cdff3ebf006a30248d3ca3/eWbeTLzhU1wJ0qVlSQPH6ZffT2V41EViZZtfV0KO,Bazar Loader delivery or C2
url,https://labelcs.com/9578547dc4cdff3ebf006a30248d3ca3/LG6Npkyb5ve1XQfK7BpF6GpyEs0cvx0DQZBIs8NN,Bazar Loader delivery or C2
url,https://labelcs.com/9578547dc4cdff3ebf006a30248d3ca3/mCdVbk60ATsnXZOo2pXcitFFBLXHlmn9r774_2Z4,Bazar Loader delivery or C2
url,https://titlecs.com/issues/282,Bazar Loader delivery or C2
ip,18.188.194.80,Bazar Loader delivery or C2
ip,31.220.59.145,Bazar Loader delivery or C2
ip,54.245.74.151,Bazar Loader delivery or C2
domain,labelcs.com,Bazar Loader delivery or C2
domain,mixcinc.com,Bazar Loader delivery or C2
domain,nicknamec.com,Bazar Loader delivery or C2
domain,titlecs.com,Bazar Loader delivery or C2
